{"SMA": {"low_vol": {"prediction": [1648046.5553540664, 1648026.396476965, 1648005.1803618036, 1647986.5772058824, 1647966.9131600107, 1647948.634413388, 1647930.515210643, 1647911.3298868858, 1647892.300695606, 1647875.8737497807, 1647859.5995279306, 1647842.2525261324, 1647825.0550299452, 1647808.0054488843, 1647792.32603637, 1647776.7913947098, 1647761.4, 1647746.1503496503, 1647731.0409620125, 1647716.0703760162, 1647700.013418854, 1647684.092430614, 1647668.306009555, 1647652.6527731374, 1647637.1313576957, 1647621.7404181187, 1647606.478627532, 1647591.344676994, 1647576.337275191, 1647560.231543624, 1647543.0262664165], "mse": 33486444.112236302, "rmse": 5786.747282561793, "mape": 0.35224595170324613}, "high_vol": {"prediction": [-8748.0166015625, -8761.08203125, -8773.4228515625, -8781.4404296875, -8786.076171875, -8791.525390625, -8794.1591796875, -8798.0361328125, -8802.7119140625, -8801.2890625, -8792.458984375, -8782.3154296875, -8775.26171875, -8770.9052734375, -8765.521484375, -8759.822265625, -8754.357421875, -8749.5009765625, -8745.4736328125, -8739.09765625, -8738.0869140625, -8741.072265625, -8746.8076171875, -8754.2724609375, -8762.673828125, -8771.40234375, -8780.0205078125, -8788.248046875, -8795.87890625, -8802.8056640625, -8808.91796875], "mse": 79086100.09019853, "rmse": 8893.036606817635}, "final": {"prediction": [1639298.538752504, 1639265.314445715, 1639231.7575102411, 1639205.136776195, 1639180.8369881357, 1639157.109022763, 1639136.3560309554, 1639113.2937540733, 1639089.5887815435, 1639074.5846872807, 1639067.1405435556, 1639059.937096445, 1639049.7933111952, 1639037.1001754468, 1639026.804551995, 1639016.9691290848, 1639007.042578125, 1638996.6493730878, 1638985.5673292, 1638976.9727197662, 1638961.9265047915, 1638943.020164989, 1638921.4983923675, 1638898.3803122, 1638874.4575295707, 1638850.3380743687, 1638826.4581197195, 1638803.096630119, 1638780.458368941, 1638757.4258795616, 1638734.1082976665], "mse": 9696854.549961958, "rmse": 3113.9772879650163, "mape": 0.18931510865492104}, "accuracy": {"prediction vs high": 0.16666666666666666, "prediction vs prediction": 0.16666666666666666}}, "WMA": {"low_vol": {"prediction": [1648150.1384211679, 1648126.8553065672, 1648103.5703742753, 1648086.017084775, 1648062.5542832518, 1648039.0842482978, 1648015.605225363, 1647992.1154853245, 1647968.6133240298, 1647956.566743244, 1647944.1667720852, 1647925.8457683073, 1647907.5056371305, 1647889.1447940879, 1647876.4961546457, 1647863.654899988, 1647850.6195193867, 1647837.3885232413, 1647823.9604427137, 1647810.333829365, 1647790.7731964758, 1647771.1799768182, 1647751.7214184643, 1647732.5647807068, 1647713.7086930335, 1647695.1518035785, 1647676.8927788066, 1647658.9303032025, 1647640.9258127494, 1647623.0466696746, 1647605.291616312], "mse": 33505493.046346154, "rmse": 5788.39295887435, "mape": 0.35232847858101696}, "high_vol": {"prediction": [103.40303039550781, 86.8042221069336, 72.92567443847656, 67.989990234375, 68.53469848632812, 66.00667572021484, 68.8866958618164, 67.92913055419922, 65.29692077636719, 74.25825500488281, 94.8714599609375, 114.0226058959961, 124.43983459472656, 129.08981323242188, 135.99151611328125, 142.74021911621094, 148.44943237304688, 152.68569946289062, 155.30455017089844, 163.06178283691406, 159.4065704345703, 150.24234008789062, 138.36953735351562, 125.7003402709961, 113.42289733886719, 102.31059265136719, 92.70374298095703, 84.68606567382812, 78.19928741455078, 73.09038543701172, 69.20512390136719], "mse": 10646.809294217013, "rmse": 103.1833770246788}, "final": {"prediction": [1648253.5414515634, 1648213.659528674, 1648176.4960487138, 1648154.0070750094, 1648131.088981738, 1648105.090924018, 1648084.4919212249, 1648060.0446158787, 1648033.9102448062, 1648030.8249982488, 1648039.0382320462, 1648039.8683742033, 1648031.9454717252, 1648018.2346073203, 1648012.487670759, 1648006.3951191043, 1647999.0689517597, 1647990.0742227042, 1647979.2649928846, 1647973.395612202, 1647950.1797669104, 1647921.422316906, 1647890.0909558178, 1647858.2651209778, 1647827.1315903724, 1647797.4623962299, 1647769.5965217876, 1647743.6163688763, 1647719.125100164, 1647696.1370551116, 1647674.4967402134], "mse": 34303339.770158626, "rmse": 5856.905306572629, "mape": 0.356503488642823}, "accuracy": {"prediction vs high": 0.2, "prediction vs prediction": 0.1}}, "DEMA": {"low_vol": {"prediction": [1648176.3214031777, 1648149.206705975, 1648122.5289927383, 1648106.05652074, 1648079.4731500472, 1648053.3250478862, 1648027.5942420743, 1648002.2637225476, 1647977.3173877608, 1647972.3101379555, 1647966.2016957514, 1647949.2902259699, 1647932.1660594314, 1647914.8535679954, 1647907.1599074535, 1647898.593969001, 1647889.223747902, 1647879.1128509946, 1647868.3207635318, 1647856.9031003367, 1647835.1281051375, 1647813.5558167335, 1647792.1832833197, 1647771.007560564, 1647750.0257163276, 1647729.2348349185, 1647708.6320209103, 1647688.2144025585, 1647667.9791348444, 1647647.9234021797, 1647628.0444207892], "mse": 33508466.325728416, "rmse": 5788.64978433904, "mape": 0.3523389392662934}, "high_vol": {"prediction": [-8736.4501953125, -8747.8701171875, -8757.56640625, -8761.9091796875, -8762.2177734375, -8763.5576171875, -8761.6015625, -8761.2578125, -8761.9658203125, -8756.232421875, -8743.1318359375, -8729.8701171875, -8721.384765625, -8716.78125, -8711.685546875, -8706.931640625, -8703.0703125, -8700.416015625, -8699.0556640625, -8695.06640625, -8697.16015625, -8703.23046875, -8711.4990234375, -8720.6611328125, -8729.7958984375, -8738.3017578125, -8745.81640625, -8752.173828125, -8757.35546875, -8761.392578125, -8764.41015625], "mse": 76471849.34428264, "rmse": 8744.81842831986}, "final": {"prediction": [1639439.8712078652, 1639401.3365887876, 1639364.9625864883, 1639344.1473410525, 1639317.2553766097, 1639289.7674306987, 1639265.9926795743, 1639241.0059100476, 1639215.3515674483, 1639216.0777160805, 1639223.069859814, 1639219.4201087824, 1639210.7812938064, 1639198.0723179954, 1639195.4743605785, 1639191.662328376, 1639186.153435402, 1639178.6968353696, 1639169.2650994693, 1639161.8366940867, 1639137.9679488875, 1639110.3253479835, 1639080.6842598822, 1639050.3464277515, 1639020.22981789, 1638990.933077106, 1638962.8156146603, 1638936.0405744335, 1638910.6236660944, 1638886.5308240547, 1638863.6342645392], "mse": 8784823.301498858, "rmse": 2963.9202589642755, "mape": 0.1801753522381288}, "accuracy": {"prediction vs high": 0.16666666666666666, "prediction vs prediction": 0.16666666666666666}}, "KAMA": {"low_vol": {"prediction": [1648225.9370842478, 1648200.56637725, 1648175.425179284, 1648152.4068838044, 1648128.2952835532, 1648104.3796517246, 1648082.121695512, 1648060.0236073865, 1648038.0836687507, 1648019.8524571266, 1648001.6682268656, 1647980.420132897, 1647959.324894245, 1647938.3808730624, 1647920.1156648458, 1647901.93247926, 1647883.831501682, 1647864.798415358, 1647845.113687254, 1647825.5665443866, 1647805.4981125705, 1647785.5705749127, 1647765.7824598623, 1647746.0626968388, 1647726.7757853626, 1647707.6198329495, 1647688.1819235187, 1647668.8833818021, 1647649.7226561466, 1647630.6982181298, 1647611.808562137], "mse": 33533360.506109063, "rmse": 5790.799643063906, "mape": 0.35246642808828665}, "high_vol": {"prediction": [-55.79465866088867, -66.6154556274414, -75.46807098388672, -77.09920501708984, -74.78959655761719, -75.82756042480469, -72.92031860351562, -73.7870864868164, -76.37844848632812, -68.97373962402344, -51.66668701171875, -35.872779846191406, -27.38157844543457, -23.285680770874023, -16.538341522216797, -9.168096542358398, -2.1321334838867188, 4.099780559539795, 9.406739234924316, 19.554588317871094, 19.857757568359375, 15.4830904006958, 8.902409553527832, 1.6109874248504639, -5.445085525512695, -11.856962203979492, -17.391281127929688, -21.93437957763672, -25.59693717956543, -28.474000930786133, -30.68085289001465], "mse": 6674.214946958447, "rmse": 81.69586860397806},